Year,Month,Precipitation(mm),MeanTemp,MaxTemp,MinTemp
1960,1,30,53.6,65.84,41.36
1960,2,13,56.84,68.18,45.32
1960,3,19,63.32,79.34,47.48
1960,4,10,67.64,81.32,53.96
1960,5,94,70.34,80.96,59.540000000000006
1960,6,151,71.96,79.52,64.4
1960,7,282,70.7,76.28,65.12
1960,8,254,71.42,79.34,63.68
1960,9,94,69.08,78.44,59.72
1960,10,63,64.04,72.32,55.94
1960,11,45,59.72,70.34,49.1
1960,12,26,52.34,61.7,43.16
1961,1,6,52.7,65.3,40.28
1961,2,19,54.86,66.74000000000001,42.980000000000004
1961,3,21,61.519999999999996,76.1,46.76
1961,4,58,66.74000000000001,79.7,53.96
1961,5,106,69.44,79.16,59.36
1961,6,182,71.96,80.24000000000001,63.68
1961,7,242,71.78,78.62,64.75999999999999
1961,8,307,70.7,77.72,63.68
1961,9,138,68.72,77.18,60.26
1961,10,91,66.02,74.12,57.92
1961,11,78,57.92,67.82,47.84
1961,12,64,52.879999999999995,63.68,42.08
1962,1,19,49.46,57.74,41.18
1962,2,11,55.94,68.18,43.879999999999995
1962,3,10,60.62,73.94,47.120000000000005
1962,4,48,66.74000000000001,80.42,53.24
1962,5,79,70.34,80.96,59.72
1962,6,298,70.16,76.28,64.04
1962,7,176,72.32,79.34,65.48
1962,8,240,70.16,77.36,63.14
1962,9,59,68.9,78.44,59.540000000000006
1962,10,92,64.75999999999999,72.14,57.379999999999995
1962,11,5,57.379999999999995,68.54,46.04
1962,12,4,52.879999999999995,65.12,40.46
1963,1,4,49.28,60.440000000000005,38.3
1963,2,2,54.32,68.36,40.28
1963,3,24,61.16,75.02,47.48
1963,4,25,66.74000000000001,80.78,52.7
1963,5,49,71.96,83.84,60.440000000000005
1963,6,229,70.88,78.44,63.32
1963,7,251,71.06,77.54,64.58
1963,8,249,70.88,77.72,63.86
1963,9,74,71.06,80.24000000000001,61.88
1963,10,201,63.32,70.34,56.48
1963,11,54,59.540000000000006,69.8,49.46
1963,12,18,52.7,63.32,42.08
1964,1,6,52.16,65.84,38.48
1964,2,14,54.5,67.46,41.36
1964,3,19,61.519999999999996,75.38,47.48
1964,4,34,67.82,80.96,54.5
1964,5,141,69.8,78.08,61.519999999999996
1964,6,208,70.52,77.54,63.5
1964,7,302,70.7,76.82,64.58
1964,8,220,70.88,78.44,63.32
1964,9,118,69.62,77.72,61.519999999999996
1964,10,99,66.2,73.75999999999999,58.64
1964,11,48,57.74,66.2,49.28
1964,12,32,50.72,60.8,40.64
1965,1,22,52.52,64.94,39.92
1965,2,16,56.48,71.24000000000001,41.9
1965,3,10,60.26,75.02,45.5
1965,4,33,67.1,80.42,53.78
1965,5,116,69.8,80.24000000000001,59.36
1965,6,239,69.8,76.28,63.32
1965,7,186,71.06,78.44,63.86
1965,8,219,69.8,76.64,62.959999999999994
1965,9,79,68.0,75.92,60.08
1965,10,234,64.75999999999999,72.14,57.2
1965,11,63,57.92,68.54,47.48
1965,12,84,54.5,63.5,45.5
1966,1,12,55.58,67.64,43.7
1966,2,2,58.82,74.12,43.519999999999996
1966,3,5,63.5,78.62,48.2
1966,4,25,68.54,83.48,53.6
1966,5,138,69.62,78.62,60.440000000000005
1966,6,280,69.44,75.92,62.959999999999994
1966,7,285,71.42,77.54,65.12
1966,8,316,70.16,76.64,63.68
1966,9,102,67.28,74.84,59.72
1966,10,172,64.58,72.14,56.84
1966,11,20,59.540000000000006,68.36,50.9
1966,12,18,55.04,66.74000000000001,43.16
1967,1,30,52.16,62.78,41.54
1967,2,7,54.32,65.48,43.16
1967,3,33,60.980000000000004,74.48,47.66
1967,4,77,64.94,77.18,52.7
1967,5,65,71.06,81.32,60.8
1967,6,174,71.42,79.52,63.32
1967,7,232,71.6,78.25999999999999,64.75999999999999
1967,8,187,71.42,79.52,63.32
1967,9,135,68.18,75.38,60.980000000000004
1967,10,62,63.14,71.24000000000001,55.04
1967,11,109,57.74,66.74000000000001,48.56
1967,12,27,50.72,59.540000000000006,41.9
1968,1,62,52.7,64.22,41.18
1968,2,29,51.26,62.24,40.1
1968,3,10,61.16,74.84,47.66
1968,4,95,63.86,74.84,52.879999999999995
1968,5,76,68.9,79.16,58.64
1968,6,202,69.98,76.64,63.32
1968,7,269,70.7,77.54,63.86
1968,8,309,70.88,77.54,64.22
1968,9,146,69.44,76.64,62.24
1968,10,181,64.75999999999999,71.42,58.28
1968,11,20,59.9,70.52,49.46
1968,12,4,56.3,69.98,42.8
1969,1,8,53.96,68.18,39.56
1969,2,1,55.94,71.6,40.28
1969,3,6,63.68,78.8,48.56
1969,4,23,67.82,82.4,53.24
1969,5,50,73.22,84.56,61.7
1969,6,193,70.88,78.08,63.68
1969,7,268,71.42,78.08,64.75999999999999
1969,8,331,69.98,76.28,63.68
1969,9,73,68.9,77.72,60.08
1969,10,51,65.3,74.3,56.48
1969,11,27,56.84,66.02,47.84
1969,12,11,52.16,61.7,42.44
1970,1,12,52.34,64.58,40.1
1970,2,3,57.2,71.42,42.980000000000004
1970,3,23,61.519999999999996,76.28,46.76
1970,4,68,65.84,78.44,53.42
1970,5,167,69.25999999999999,78.08,60.440000000000005
1970,6,222,70.52,77.72,63.32
1970,7,332,70.52,75.92,65.12
1970,8,232,71.06,79.34,62.78
1970,9,93,69.25999999999999,77.72,60.980000000000004
1970,10,42,63.68,73.04,54.32
1970,11,52,57.92,66.56,49.28
1970,12,94,54.32,63.14,45.5
1971,1,9,50.36,62.24,38.48
1971,2,17,54.32,66.92,41.72
1971,3,25,62.059999999999995,75.02,49.28
1971,4,45,66.74000000000001,79.52,53.96
1971,5,147,68.9,78.08,59.72
1971,6,214,71.24000000000001,77.72,64.75999999999999
1971,7,271,70.34,77.0,63.68
1971,8,383,69.08,75.2,62.78
1971,9,90,68.9,76.64,61.34
1971,10,136,62.42,71.42,53.6
1971,11,30,56.3,67.82,44.78
1971,12,31,52.34,61.88,42.980000000000004
1972,1,14,52.52,62.959999999999994,42.08
1972,2,9,55.04,68.54,41.36
1972,3,20,62.6,75.92,49.28
1972,4,71,64.04,75.56,52.52
1972,5,67,70.52,82.04,59.18
1972,6,188,71.78,79.34,64.22
1972,7,244,71.42,78.08,64.75999999999999
1972,8,216,70.88,78.44,63.14
1972,9,144,68.36,75.92,60.980000000000004
1972,10,77,65.84,74.12,57.56
1972,11,177,58.82,66.92,50.9
1972,12,14,53.6,64.04,42.980000000000004
1973,1,6,52.879999999999995,64.94,40.64
1973,2,10,59.9,74.66,44.96
1973,3,69,62.959999999999994,76.64,49.28
1973,4,57,68.9,81.5,56.3
1973,5,153,70.16,78.44,62.059999999999995
1973,6,193,71.42,78.08,64.75999999999999
1973,7,288,70.88,77.72,64.04
1973,8,245,70.52,77.72,63.32
1973,9,137,69.08,76.46,61.88
1973,10,111,64.75999999999999,72.5,56.84
1973,11,73,57.56,64.4,50.54
1973,12,4,51.620000000000005,61.88,41.18
1974,1,3,51.44,66.38,36.5
1974,2,1,53.96,67.28,40.64
1974,3,36,59.36,73.04,45.68
1974,4,66,64.94,76.64,53.24
1974,5,134,69.44,78.98,59.9
1974,6,162,70.16,76.64,63.86
1974,7,226,70.16,76.64,63.68
1974,8,248,69.08,75.92,62.24
1974,9,112,68.54,76.64,60.62
1974,10,65,65.84,73.94,57.74
1974,11,41,60.62,68.54,52.7
1974,12,5,53.24,65.12,41.18
1975,1,45,53.78,65.3,42.08
1975,2,12,57.02,70.52,43.519999999999996
1975,3,7,64.4,79.88,48.92
1975,4,39,67.82,80.78,54.86
1975,5,176,69.44,78.44,60.26
1975,6,189,71.6,78.08,65.12
1975,7,252,71.06,77.72,64.22
1975,8,228,70.52,78.62,62.42
1975,9,94,69.98,78.44,61.519999999999996
1975,10,121,66.2,73.94,58.28
1975,11,51,57.2,65.12,49.28
1975,12,19,48.56,60.62,36.68
1976,1,37,51.620000000000005,62.78,40.64
1976,2,39,57.379999999999995,71.24000000000001,43.519999999999996
1976,3,25,61.88,76.1,47.66
1976,4,40,65.84,79.16,52.7
1976,5,168,68.54,76.64,60.440000000000005
1976,6,154,70.16,77.36,62.78
1976,7,245,70.52,77.72,63.14
1976,8,300,70.34,77.72,62.78
1976,9,141,68.36,75.74000000000001,60.980000000000004
1976,10,114,64.75999999999999,73.04,56.48
1976,11,32,56.120000000000005,62.78,49.46
1976,12,9,52.879999999999995,64.4,41.36
1977,1,12,51.08,63.14,39.02
1977,2,25,52.34,62.78,42.08
1977,3,16,61.7,74.12,49.1
1977,4,61,64.94,76.82,53.06
1977,5,68,69.08,79.16,59.0
1977,6,171,70.88,79.52,62.42
1977,7,240,70.88,76.82,64.94
1977,8,199,70.34,77.54,63.14
1977,9,125,68.18,76.64,59.72
1977,10,139,64.04,71.6,56.48
1977,11,43,57.92,66.2,49.64
1977,12,30,54.32,64.94,43.7
1978,1,35,51.98,63.68,40.28
1978,2,30,55.94,68.18,43.7
1978,3,11,62.42,77.54,47.3
1978,4,28,67.46,81.68,53.42
1978,5,183,68.72,77.72,59.9
1978,6,236,70.88,77.9,63.86
1978,7,196,71.42,78.8,64.04
1978,8,230,71.6,79.7,63.32
1978,9,140,68.0,75.74000000000001,60.440000000000005
1978,10,66,64.58,74.48,54.86
1978,11,16,58.64,68.9,48.379999999999995
1978,12,5,54.5,66.74000000000001,42.44
1979,1,7,55.22,70.34,40.1
1979,2,8,59.18,74.66,43.7
1979,3,11,63.14,78.98,47.3
1979,4,32,69.25999999999999,82.58,55.76
1979,5,73,71.6,82.04,61.16
1979,6,195,71.6,78.08,65.12
1979,7,169,72.5,79.52,65.48
1979,8,261,71.42,78.44,64.58
1979,9,144,68.9,75.92,62.059999999999995
1979,10,82,63.32,72.14,54.32
1979,11,12,57.2,66.56,47.84
1979,12,21,54.5,64.94,44.06
1980,1,4,53.78,67.64,40.1
1980,2,6,55.94,68.54,43.34
1980,3,11,64.04,79.34,48.56
1980,4,13,69.08,83.3,55.04
1980,5,101,71.24000000000001,82.04,60.26
1980,6,192,71.96,78.62,65.48
1980,7,216,71.96,78.44,65.48
1980,8,282,70.34,77.0,63.68
1980,9,82,68.9,76.1,61.519999999999996
1980,10,84,65.48,73.4,57.379999999999995
1980,11,8,60.62,71.96,49.28
1980,12,31,53.78,63.14,44.239999999999995
1981,1,15,53.96,64.58,43.16
1981,2,24,58.1,73.04,43.16
1981,3,33,62.959999999999994,77.54,48.379999999999995
1981,4,38,67.28,80.42,54.14
1981,5,241,68.54,77.0,60.26
1981,6,177,71.06,77.36,64.75999999999999
1981,7,232,71.42,78.44,64.58
1981,8,204,72.5,79.88,65.12
1981,9,109,69.98,78.44,61.519999999999996
1981,10,68,65.48,73.04,57.92
1981,11,133,59.9,67.1,52.7
1981,12,31,51.620000000000005,60.08,43.34
1982,1,11,53.96,65.84,42.44
1982,2,26,55.58,68.0,43.16
1982,3,8,63.5,78.98,47.84
1982,4,74,63.86,74.48,53.24
1982,5,45,71.06,82.04,60.26
1982,6,196,70.52,77.54,63.68
1982,7,217,71.78,78.44,65.12
1982,8,323,71.24000000000001,78.62,64.04
1982,9,125,68.9,76.28,61.519999999999996
1982,10,78,66.38,74.84,57.74
1982,11,84,59.0,67.64,50.54
1982,12,21,49.64,59.18,39.92
1983,1,24,50.36,60.8,39.92
1983,2,35,54.86,66.92,42.8
1983,3,45,59.540000000000006,72.14,46.94
1983,4,21,67.46,82.04,52.879999999999995
1983,5,59,72.32,83.3,61.16
1983,6,121,72.5,79.88,65.12
1983,7,201,72.86,80.06,65.48
1983,8,357,70.88,77.9,63.68
1983,9,149,70.34,77.54,63.14
1983,10,96,66.56,74.3,58.82
1983,11,143,58.1,65.3,50.9
1983,12,74,50.54,61.34,39.74
1984,1,3,51.08,62.24,40.1
1984,2,6,57.56,70.7,44.6
1984,3,3,62.78,76.82,48.56
1984,4,33,68.9,82.04,55.76
1984,5,102,69.08,78.44,59.72
1984,6,314,71.6,78.08,65.12
1984,7,217,71.06,77.36,64.58
1984,8,245,71.06,78.98,63.14
1984,9,108,68.18,76.1,60.26
1984,10,109,63.5,71.06,55.94
1984,11,4,59.36,70.34,48.379999999999995
1984,12,8,53.6,63.5,43.7
1985,1,7,53.6,66.02,41.18
1985,2,12,56.84,71.24000000000001,42.44
1985,3,8,60.62,72.68,48.56
1985,4,86,66.2,77.36,55.04
1985,5,135,70.34,79.16,61.519999999999996
1985,6,214,70.7,76.82,64.58
1985,7,224,70.16,76.64,63.68
1985,8,269,71.6,79.16,63.86
1985,9,145,68.36,75.38,61.34
1985,10,62,65.3,73.94,56.48
1985,11,113,58.64,66.92,50.18
1985,12,5,53.06,63.32,42.8
1986,1,2,53.42,64.94,41.9
1986,2,1,56.48,70.52,42.44
1986,3,8,61.7,76.46,46.76
1986,4,75,66.74000000000001,78.98,54.5
1986,5,92,70.16,78.98,61.16
1986,6,193,72.86,80.24000000000001,65.48
1986,7,367,70.16,75.92,64.4
1986,8,219,70.88,78.62,63.14
1986,9,117,68.18,76.28,60.08
1986,10,146,63.68,71.06,56.120000000000005
1986,11,27,58.459999999999994,67.28,49.64
1986,12,22,55.22,65.84,44.78
1987,1,27,55.4,66.74000000000001,44.239999999999995
1987,2,14,59.0,72.5,45.68
1987,3,25,62.959999999999994,77.0,48.92
1987,4,41,67.1,79.34,54.86
1987,5,31,72.86,85.46000000000001,60.440000000000005
1987,6,166,72.32,79.34,65.12
1987,7,231,71.6,77.72,65.48
1987,8,192,71.24000000000001,77.72,64.58
1987,9,178,68.36,74.84,61.88
1987,10,60,66.74000000000001,75.92,57.56
1987,11,89,60.62,69.08,52.16
1987,12,12,51.26,60.62,41.72
1988,1,6,55.04,68.18,42.08
1988,2,25,58.28,72.68,43.879999999999995
1988,3,1,62.24,75.74000000000001,48.74
1988,4,54,66.38,77.9,54.86
1988,5,122,70.88,79.88,61.88
1988,6,118,72.14,80.42,64.04
1988,7,216,71.78,78.44,65.12
1988,8,246,71.06,77.54,64.58
1988,9,136,68.54,75.92,61.34
1988,10,76,65.48,73.04,57.92
1988,11,32,58.459999999999994,66.74000000000001,50.18
1988,12,2,55.22,65.3,44.96
1989,1,10,53.06,64.04,41.9
1989,2,3,56.3,68.72,43.7
1989,3,37,60.980000000000004,72.5,49.64
1989,4,19,67.82,81.32,54.5
1989,5,165,69.44,78.8,60.08
1989,6,142,71.78,78.62,64.94
1989,7,183,71.06,78.08,64.04
1989,8,161,71.42,79.52,63.32
1989,9,97,69.98,78.08,62.059999999999995
1989,10,119,65.12,71.78,58.64
1989,11,17,58.64,68.0,49.46
1989,12,22,52.34,63.68,41.18
1990,1,3,54.86,67.28,42.44
1990,2,27,57.379999999999995,69.44,45.32
1990,3,52,60.08,71.24000000000001,48.92
1990,4,31,66.74000000000001,79.52,54.14
1990,5,226,68.0,76.28,59.72
1990,6,231,70.16,76.64,64.04
1990,7,270,70.7,76.28,65.12
1990,8,112,72.32,81.32,63.5
1990,9,164,69.62,77.54,61.519999999999996
1990,10,93,65.3,72.14,58.459999999999994
1990,11,29,61.16,70.34,51.98
1990,12,11,54.68,65.48,43.879999999999995
1991,1,15,54.32,66.74000000000001,42.08
1991,2,9,58.1,71.24000000000001,45.14
1991,3,17,64.94,78.98,50.9
1991,4,80,67.82,79.88,55.76
1991,5,103,70.16,79.88,60.440000000000005
1991,6,243,71.6,77.72,65.48
1991,7,263,71.42,77.54,65.12
1991,8,233,70.52,77.72,63.5
1991,9,167,69.44,76.28,62.78
1991,10,121,64.94,71.42,58.459999999999994
1991,11,54,58.28,65.12,51.26
1991,12,30,53.78,63.68,43.879999999999995
1992,1,35,51.08,60.08,42.08
1992,2,37,53.06,63.86,42.44
1992,3,3,61.88,76.1,47.66
1992,4,14,67.82,81.32,54.32
1992,5,103,70.52,81.68,59.540000000000006
1992,6,140,72.68,80.42,64.94
1992,7,213,70.34,76.64,64.04
1992,8,94,71.96,80.24000000000001,63.5
1992,9,109,70.34,78.62,61.88
1992,10,139,62.78,69.44,55.94
1992,11,60,57.2,66.74000000000001,47.48
1992,12,32,53.24,65.12,41.18
1993,1,19,51.620000000000005,61.34,41.9
1993,2,32,56.84,69.98,43.879999999999995
1993,3,9,62.24,75.74000000000001,48.56
1993,4,59,67.1,80.24000000000001,54.14
1993,5,115,69.44,78.98,59.9
1993,6,142,72.5,80.42,64.58
1993,7,205,72.5,79.16,65.66
1993,8,247,70.88,77.0,64.75999999999999
1993,9,114,69.25999999999999,76.82,61.519999999999996
1993,10,122,63.86,69.44,58.28
1993,11,5,59.36,69.8,49.1
1993,12,11,53.42,63.68,43.16
1994,1,11,56.3,68.9,43.7
1994,2,17,59.0,73.22,44.78
1994,3,43,60.62,72.32,48.92
1994,4,28,69.62,82.75999999999999,56.3
1994,5,124,71.78,80.24000000000001,63.32
1994,6,294,71.06,76.64,65.66
1994,7,274,71.06,78.44,63.86
1994,8,196,71.24000000000001,78.44,64.22
1994,9,106,68.9,75.92,62.059999999999995
1994,10,66,63.86,72.14,55.58
1994,11,60,59.36,68.72,50.18
1994,12,73,54.86,64.04,45.5
1995,1,13,53.96,64.4,43.7
1995,2,17,54.68,65.12,44.06
1995,3,5,62.959999999999994,76.64,49.1
1995,4,14,69.44,83.3,55.76
1995,5,95,71.06,79.88,62.42
1995,6,237,72.14,78.62,65.84
1995,7,263,71.24000000000001,77.54,65.12
1995,8,269,70.52,77.0,64.04
1995,9,145,69.08,76.28,61.88
1995,10,62,66.2,74.12,58.28
1995,11,86,58.64,65.84,51.44
1995,12,5,52.7,61.88,43.519999999999996
1996,1,1,52.879999999999995,65.48,40.1
1996,2,22,55.22,66.38,44.06
1996,3,41,62.959999999999994,76.28,49.46
1996,4,44,66.2,78.25999999999999,54.32
1996,5,135,69.25999999999999,78.44,60.26
1996,6,160,71.24000000000001,77.54,64.75999999999999
1996,7,303,70.52,75.92,65.12
1996,8,291,71.42,78.08,64.58
1996,9,95,69.62,77.72,61.519999999999996
1996,10,99,65.84,73.58,57.92
1996,11,67,60.440000000000005,68.0,52.879999999999995
1996,12,24,53.96,61.88,45.86
1997,1,7,53.6,65.12,42.08
1997,2,20,54.32,65.84,42.620000000000005
1997,3,50,62.959999999999994,75.74000000000001,50.18
1997,4,67,64.4,75.74000000000001,53.06
1997,5,46,71.6,82.22,60.8
1997,6,181,71.24000000000001,78.62,63.86
1997,7,339,70.88,76.28,65.48
1997,8,220,72.14,79.52,64.94
1997,9,167,67.1,74.12,60.08
1997,10,93,65.66,74.12,57.2
1997,11,15,60.62,70.34,50.9
1997,12,31,55.94,65.12,46.76
1998,1,8,55.04,67.64,42.44
1998,2,11,58.64,71.78,45.32
1998,3,34,63.5,77.54,49.28
1998,4,66,68.54,79.88,57.02
1998,5,90,72.68,82.04,63.32
1998,6,204,71.96,78.62,65.48
1998,7,315,71.78,76.82,66.74000000000001
1998,8,200,71.96,78.44,65.66
1998,9,79,70.52,79.52,61.519999999999996
1998,10,42,67.28,76.1,58.459999999999994
1998,11,47,60.980000000000004,70.7,51.26
1998,12,18,56.48,66.38,46.58
1999,1,32,55.04,65.48,44.42
1999,2,2,59.9,72.32,47.48
1999,3,12,64.04,78.08,50.0
1999,4,55,69.25999999999999,80.24000000000001,58.459999999999994
1999,5,169,67.64,75.02,60.08
1999,6,155,72.32,79.34,65.48
1999,7,268,71.06,77.0,65.12
1999,8,306,70.34,76.64,64.22
1999,9,152,70.16,77.72,62.78
1999,10,158,66.74000000000001,73.94,59.72
1999,11,78,59.72,68.36,51.08
1999,12,13,51.98,61.7,42.260000000000005
2000,1,41,54.5,66.38,42.620000000000005
2000,2,26,55.4,66.74000000000001,44.06
2000,3,37,61.16,72.68,49.64
2000,4,49,67.1,78.08,56.120000000000005
2000,5,165,68.36,76.1,60.8
2000,6,182,70.52,76.28,64.75999999999999
2000,7,287,71.24000000000001,77.72,64.75999999999999
2000,8,203,71.06,77.9,64.22
2000,9,98,68.72,75.92,61.519999999999996
2000,10,118,65.84,73.4,58.459999999999994
2000,11,17,58.459999999999994,68.54,48.379999999999995
2000,12,16,55.04,64.4,45.68
2001,1,5,55.76,67.64,44.06
2001,2,15,57.92,69.08,46.76
2001,3,38,63.32,74.48,52.16
2001,4,22,69.62,82.75999999999999,56.66
2001,5,265,67.28,74.3,60.440000000000005
2001,6,265,70.34,77.18,63.68
2001,7,239,71.6,77.72,65.3
2001,8,167,71.06,78.44,63.68
2001,9,121,70.16,77.72,62.78
2001,10,217,66.02,71.78,60.440000000000005
2001,11,47,57.92,66.92,48.92
2001,12,6,54.68,64.4,44.78
2002,1,29,54.14,64.58,43.879999999999995
2002,2,8,59.540000000000006,72.14,46.94
2002,3,26,63.5,75.92,50.9
2002,4,32,68.54,80.96,56.120000000000005
2002,5,203,68.9,76.82,60.980000000000004
2002,6,152,72.32,79.52,65.3
2002,7,260,71.42,77.54,65.12
2002,8,365,70.34,77.54,63.14
2002,9,78,68.36,76.64,60.08
2002,10,89,65.3,73.94,56.66
2002,11,58,59.72,68.0,51.620000000000005
2002,12,36,55.04,64.04,46.04
2003,1,51,53.6,63.32,43.7
2003,2,16,58.82,72.14,45.68
2003,3,39,62.24,73.4,50.9
2003,4,19,69.25999999999999,82.04,56.48
2003,5,101,70.7,79.88,61.7
2003,6,198,70.88,77.0,64.75999999999999
2003,7,179,71.96,78.62,65.48
2003,8,227,72.5,79.52,65.48
2003,9,103,69.62,76.82,62.42
2003,10,66,65.84,72.32,59.540000000000006
2003,11,2,59.72,70.34,49.28
2003,12,16,53.96,62.6,45.14
2004,1,22,53.78,65.48,42.08
2004,2,6,57.02,69.08,44.78
2004,3,8,64.22,76.64,51.8
2004,4,98,66.74000000000001,77.9,55.58
2004,5,213,69.25999999999999,78.08,60.26
2004,6,168,70.52,77.54,63.68
2004,7,197,70.16,77.18,63.32
2004,8,198,71.78,79.52,64.22
2004,9,135,68.9,75.74000000000001,61.88
2004,10,59,63.86,71.42,56.48
2004,11,33,59.36,68.36,50.36
2004,12,4,52.879999999999995,64.04,41.72
2005,1,14,53.96,64.75999999999999,42.980000000000004
2005,2,1,59.9,74.48,45.32
2005,3,43,61.16,73.22,49.28
2005,4,52,68.18,79.7,56.84
2005,5,46,72.68,83.84,61.519999999999996
2005,6,200,72.86,79.88,66.02
2005,7,219,72.5,79.16,65.66
2005,8,295,71.06,77.0,64.94
2005,9,87,70.52,78.44,62.78
2005,10,125,66.02,73.4,58.64
2005,11,33,60.08,68.54,51.44
2005,12,51,53.42,60.8,46.04
2006,1,1,54.86,66.74000000000001,42.980000000000004
2006,2,10,59.0,70.88,47.3
2006,3,6,64.4,77.72,51.26
2006,4,72,68.36,80.24000000000001,56.3
2006,5,151,69.08,78.25999999999999,59.72
2006,6,136,72.14,79.16,65.12
2006,7,278,72.5,79.52,65.48
2006,8,228,71.6,79.52,63.86
2006,9,92,69.62,77.18,62.059999999999995
2006,10,217,66.92,74.12,59.72
2006,11,16,60.62,70.7,50.36
2006,12,10,53.96,62.78,45.32
2007,1,13,52.34,61.88,42.980000000000004
2007,2,36,58.28,71.42,44.96
2007,3,4,64.04,78.8,49.46
2007,4,87,65.84,76.1,55.76
2007,5,151,69.25999999999999,78.08,60.440000000000005
2007,6,141,72.14,80.24000000000001,64.22
2007,7,340,71.24000000000001,77.0,65.66
2007,8,248,71.42,78.44,64.58
2007,9,127,68.54,76.64,60.62
2007,10,68,65.12,72.14,58.1
2007,11,49,58.64,67.1,50.18
2007,12,1,55.58,66.2,44.96
2008,1,20,54.5,65.84,42.980000000000004
2008,2,28,52.16,62.24,42.08
2008,3,35,62.6,73.4,51.8
2008,4,47,68.18,79.7,56.66
2008,5,119,69.44,77.72,60.980000000000004
2008,6,220,70.88,77.72,64.22
2008,7,275,71.24000000000001,77.54,65.12
2008,8,260,70.88,77.72,64.22
2008,9,120,70.7,78.62,62.6
2008,10,93,66.74000000000001,73.58,60.08
2008,11,78,58.82,68.0,49.64
2008,12,17,53.96,62.42,45.32
2009,1,8,52.52,61.88,43.16
2009,2,2,62.059999999999995,76.82,47.48
2009,3,13,64.04,77.54,50.54
2009,4,66,67.46,77.54,57.2
2009,5,133,70.88,79.7,62.059999999999995
2009,6,172,71.96,78.98,65.12
2009,7,230,72.14,78.62,65.66
2009,8,260,72.32,79.52,65.12
2009,9,80,71.78,80.24000000000001,63.32
2009,10,46,66.74000000000001,75.02,58.459999999999994
2009,11,23,59.36,69.62,49.1
2009,12,5,54.86,65.84,43.7
2010,1,10,56.66,69.44,43.879999999999995
2010,2,5,60.08,74.48,45.68
2010,3,33,65.3,77.9,52.7
2010,4,63,68.54,81.32,55.76
2010,5,87,73.4,83.3,63.32
2010,6,144,71.78,78.62,64.75999999999999
2010,7,250,72.68,79.52,65.84
2010,8,177,71.96,79.52,64.58
2010,9,124,71.06,78.44,63.68
2010,10,107,64.94,71.78,57.92
2010,11,15,59.72,68.54,50.72
2010,12,56,55.04,64.04,46.04
2011,1,33,51.26,60.26,42.260000000000005
2011,2,1,59.0,72.68,45.32
2011,3,60,59.9,70.52,49.28
2011,4,62,66.56,76.82,56.3
2011,5,92,69.8,78.44,61.16
2011,6,182,72.32,79.16,65.3
2011,7,181,72.32,79.52,65.12
2011,8,160,71.6,79.52,63.86
2011,9,159,70.52,77.72,63.32
2011,10,70,64.94,71.6,58.28
2011,11,33,59.9,69.62,50.18
2011,12,14,52.879999999999995,60.440000000000005,45.32
2012,1,22,53.96,65.12,42.620000000000005
2012,2,2,58.64,72.5,44.6
2012,3,16,63.32,76.1,50.72
2012,4,28,68.9,81.68,55.94
2012,5,107,72.86,82.22,63.5
2012,6,149,71.78,78.44,65.12
2012,7,260,71.42,77.54,65.48
2012,8,189,71.96,80.24000000000001,64.04
2012,9,113,68.9,75.92,61.88
2012,10,51,66.38,75.02,57.74
2012,11,42,62.059999999999995,71.06,52.879999999999995
2012,12,8,55.4,65.84,44.96
2013,1,14,53.96,64.04,43.879999999999995
2013,2,10,61.34,74.84,47.84
2013,3,21,65.84,79.34,52.16
2013,4,32,68.72,80.78,56.66
2013,5,150,70.52,80.24000000000001,60.980000000000004
2013,6,158,73.04,81.5,64.58
2013,7,250,71.96,78.25999999999999,65.66
2013,8,266,71.6,79.52,63.86
2013,9,100,69.62,77.72,61.519999999999996
2013,10,151,64.04,71.6,56.48
2013,11,10,60.62,69.8,51.44
2013,12,63,50.54,59.0,42.08
2014,1,8,53.24,65.12,41.36
2014,2,10,57.56,71.06,44.06
2014,3,22,64.22,77.72,50.9
2014,4,24,70.16,82.75999999999999,57.56
2014,5,99,72.14,82.75999999999999,61.519999999999996
2014,6,255,72.68,79.88,65.48
2014,7,300,71.96,78.44,65.48
2014,8,200,71.24000000000001,77.72,64.75999999999999
2014,9,127,71.06,78.62,63.32
2014,10,61,66.38,73.94,58.64
2014,11,48,60.440000000000005,68.9,51.98
2014,12,4,53.06,62.6,43.519999999999996
2015,1,69,54.32,64.94,43.879999999999995
2015,2,9,58.28,70.52,45.86
2015,3,38,64.22,77.54,51.08
2015,4,64,67.64,78.44,56.66
2015,5,76,72.68,83.3,62.24
2015,6,179,73.75999999999999,81.32,66.38
2015,7,177,71.06,77.72,64.22
2015,8,269,70.88,77.72,64.22
2015,9,127,70.7,77.72,63.68
2015,10,131,65.66,73.4,57.74
2015,11,49,62.059999999999995,71.24000000000001,52.879999999999995
2015,12,61,54.68,62.6,46.58
2016,1,47,52.879999999999995,63.5,42.44
2016,2,26,54.86,65.84,43.879999999999995
2016,3,8,64.22,76.28,52.16
2016,4,53,69.62,81.5,57.74
2016,5,122,71.06,80.42,61.519999999999996
2016,6,152,72.32,79.52,65.12
2016,7,179,71.78,78.44,65.12
2016,8,237,73.04,80.96,64.75999999999999
2016,9,152,69.8,77.36,62.24
2016,10,105,68.0,75.92,60.08
2016,11,76,61.16,70.16,51.98
2016,12,8,56.120000000000005,65.48,46.76
2017,1,39,56.84,67.28,46.4
2017,2,12,57.92,69.08,46.76
2017,3,38,62.24,74.3,50.36
2017,4,79,65.84,76.28,55.4
2017,5,72,69.62,79.52,59.72
2017,6,133,71.42,78.62,64.22
2017,7,308,71.42,78.08,64.75999999999999
2017,8,239,72.14,78.98,65.12
2017,9,128,71.42,79.16,63.86
2017,10,132,66.38,73.22,59.36
2017,11,41,59.9,68.9,51.08
2017,12,25,54.14,63.5,44.78
2018,1,31,54.32,64.04,44.42
2018,2,2,56.84,68.72,44.78
2018,3,36,63.68,76.28,51.26
2018,4,55,67.1,78.44,55.94
2018,5,103,70.16,79.16,60.980000000000004
2018,6,276,70.88,77.0,64.75999999999999
2018,7,230,72.14,78.8,65.48
2018,8,308,71.42,78.8,64.04
2018,9,91,70.16,77.54,62.78
2018,10,139,64.58,71.42,57.56
2018,11,11,59.72,70.16,49.1
2018,12,80,55.76,64.94,46.58
2019,1,39,55.4,65.84,44.78
2019,2,6,59.9,73.22,46.76
2019,3,7,63.5,76.82,50.36
2019,4,13,70.34,83.48,57.2
2019,5,34,73.58,85.1,62.059999999999995
2019,6,117,73.94,81.68,66.38
2019,7,231,71.78,78.08,65.48
2019,8,150,73.04,81.14,64.75999999999999
2019,9,119,69.62,77.72,61.519999999999996
2019,10,71,67.1,75.2,59.0
2019,11,6,61.519999999999996,70.88,52.34
2019,12,16,53.78,64.94,42.44
2020,1,14,56.3,67.82,44.6
2020,2,19,58.28,70.16,46.22
2020,3,9,65.48,78.98,52.16
2020,4,75,65.84,77.36,54.14
2020,5,35,71.78,82.58,60.8
2020,6,109,73.75999999999999,80.96,66.38
2020,7,239,72.68,79.34,66.02
2020,8,258,71.96,78.8,65.3
2020,9,118,70.16,77.18,63.32
2020,10,45,65.48,72.5,58.459999999999994
2020,11,12,61.16,70.88,51.44
2020,12,5,53.6,63.32,43.879999999999995
2021,1,5,53.24,63.5,42.8
2021,2,28,59.72,71.24000000000001,48.379999999999995
2021,3,7,65.66,78.25999999999999,52.879999999999995
2021,4,72,68.54,80.24000000000001,56.84
2021,5,86,72.32,82.58,62.24
2021,6,245,72.86,80.24000000000001,65.66
2021,7,272,72.68,79.88,65.66
2021,8,222,72.5,79.52,65.48
2021,9,102,71.78,80.24000000000001,63.32
2021,10,102,66.56,73.04,60.08
2021,11,50,59.36,67.28,51.44
2021,12,49,54.86,64.04,45.68
